site,site_lat,site_lon,id,lat,lon,species,growth_form
HARV,42.542779,-72.172129,NEON.PLA.D01.HARV.06016,42.54367898092451,-72.17330370438962,Quercus rubra L.,Deciduous broadleaf
HARV,42.542779,-72.172129,NEON.PLA.D01.HARV.06046,42.54186402654726,-72.1709634412533,Quercus rubra L.,Deciduous broadleaf
HARV,42.542779,-72.172129,NEON.PLA.D01.HARV.06034,42.54310112217412,-72.17096545604984,Quercus rubra L.,Deciduous broadleaf
HARV,42.542779,-72.172129,NEON.PLA.D01.HARV.06041,42.542247203196425,-72.17102278294611,Quercus rubra L.,Deciduous broadleaf
HARV,42.542779,-72.172129,NEON.PLA.D01.HARV.06039,42.54233249728982,-72.17088618113168,Quercus rubra L.,Deciduous broadleaf
HARV,42.542779,-72.172129,NEON.PLA.D01.HARV.06029,42.54373373039338,-72.17132332150425,Quercus rubra L.,Deciduous broadleaf
HARV,42.542779,-72.172129,NEON.PLA.D01.HARV.06035,42.543002151620534,-72.17095824199107,Acer rubrum L.,Deciduous broadleaf
HARV,42.542779,-72.172129,NEON.PLA.D01.HARV.06025,42.54377095340221,-72.17210034349604,Quercus rubra L.,Deciduous broadleaf
HARV,42.542779,-72.172129,NEON.PLA.D01.HARV.06055,42.54191998960808,-72.17218218753405,Quercus rubra L.,Deciduous broadleaf
HARV,42.542779,-72.172129,NEON.PLA.D01.HARV.06070,42.543109491091954,-72.17094067813609,Aralia nudicaulis L.,Forb
HARV,42.542779,-72.172129,NEON.PLA.D01.HARV.06067,42.54325301110468,-72.17093347820604,Aralia nudicaulis L.,Forb
HARV,42.542779,-72.172129,NEON.PLA.D01.HARV.06040,42.542297057292295,-72.17088730116602,Acer rubrum L.,Deciduous broadleaf
HARV,42.542779,-72.172129,NEON.PLA.D01.HARV.06038,42.54255700266757,-72.17100081940289,Acer rubrum L.,Deciduous broadleaf
HARV,42.542779,-72.172129,NEON.PLA.D01.HARV.06028,42.54373485049139,-72.17140844156769,Acer rubrum L.,Deciduous broadleaf
HARV,42.542779,-72.172129,NEON.PLA.D01.HARV.06022,42.5437509902861,-72.17243852245021,Acer rubrum L.,Deciduous broadleaf
HARV,42.542779,-72.172129,NEON.PLA.D01.HARV.06083,42.54191361120353,-72.17147342719629,Aralia nudicaulis L.,Forb
HARV,42.542779,-72.172129,NEON.PLA.D01.HARV.06066,42.54251059890571,-72.17091707245875,Aralia nudicaulis L.,Forb
HARV,42.542779,-72.172129,NEON.PLA.D01.HARV.06079,42.54368331495372,-72.17091191351857,Aralia nudicaulis L.,Forb
HARV,42.542779,-72.172129,NEON.PLA.D01.HARV.06015,42.543609261428756,-72.17341702051917,Acer rubrum L.,Deciduous broadleaf
HARV,42.542779,-72.172129,NEON.PLA.D01.HARV.06059,42.541982905186806,-72.17301712695298,Acer rubrum L.,Deciduous broadleaf
HARV,42.542779,-72.172129,NEON.PLA.D01.HARV.06072,42.543300779723765,-72.17335593618098,Aralia nudicaulis L.,Forb
HARV,42.542779,-72.172129,NEON.PLA.D01.HARV.06037,42.54258913671723,-72.17086589695275,Acer rubrum L.,Deciduous broadleaf
HARV,42.542779,-72.172129,NEON.PLA.D01.HARV.06044,42.5419331962199,-72.17087445391763,Acer rubrum L.,Deciduous broadleaf
HARV,42.542779,-72.172129,NEON.PLA.D01.HARV.06053,42.54191998960808,-72.17218218753405,Quercus rubra L.,Deciduous broadleaf
HARV,42.542779,-72.172129,NEON.PLA.D01.HARV.06065,42.54224479892038,-72.17092547259264,Aralia nudicaulis L.,Forb
HARV,42.542779,-72.172129,NEON.PLA.D01.HARV.06061,42.541861916840396,-72.1732532824537,Acer rubrum L.,Deciduous broadleaf
HARV,42.542779,-72.172129,NEON.PLA.D01.HARV.06019,42.54374782022476,-72.17315069539015,Quercus rubra L.,Deciduous broadleaf
HARV,42.542779,-72.172129,NEON.PLA.D01.HARV.06091,42.54192678547724,-72.17193738110122,Aralia nudicaulis L.,Forb
HARV,42.542779,-72.172129,NEON.PLA.D01.HARV.06063,42.54199062055896,-72.17341969751706,Aralia nudicaulis L.,Forb
HARV,42.542779,-72.172129,NEON.PLA.D01.HARV.06075,42.54369348686448,-72.17270344596241,Aralia nudicaulis L.,Forb
HARV,42.542779,-72.172129,NEON.PLA.D01.HARV.06084,42.543757034067625,-72.17104242205805,Aralia nudicaulis L.,Forb
HARV,42.542779,-72.172129,NEON.PLA.D01.HARV.06088,42.54198176055843,-72.17341978750937,Aralia nudicaulis L.,Forb
HARV,42.542779,-72.172129,NEON.PLA.D01.HARV.06194,42.5437568740185,-72.17103026204731,Aralia nudicaulis L.,Forb
HARV,42.542779,-72.172129,NEON.PLA.D01.HARV.06196,42.54368095695932,-72.17296633826646,Aralia nudicaulis L.,Forb
HARV,42.542779,-72.172129,NEON.PLA.D01.HARV.06200,42.541962839453845,-72.17337131243455,Aralia nudicaulis L.,Forb
HARV,42.542779,-72.172129,NEON.PLA.D01.HARV.06069,42.54373882539456,-72.17315110151527,Aralia nudicaulis L.,Forb
HARV,42.542779,-72.172129,NEON.PLA.D01.HARV.06191,42.542616317807415,-72.1708893846375,Aralia nudicaulis L.,Forb
HARV,42.542779,-72.172129,NEON.PLA.D01.HARV.06008,42.542950501123165,-72.17343040590927,Quercus rubra L.,Deciduous broadleaf
HARV,42.542779,-72.172129,NEON.PLA.D01.HARV.06078,42.542262518919834,-72.17092491258781,Aralia nudicaulis L.,Forb
HARV,42.542779,-72.172129,NEON.PLA.D01.HARV.06563,42.54374808017815,-72.17316317540379,Aralia nudicaulis L.,Forb
HARV,42.542779,-72.172129,NEON.PLA.D01.HARV.06532,42.542616317807415,-72.1708893846375,Aralia nudicaulis L.,Forb
HARV,42.542779,-72.172129,NEON.PLA.D01.HARV.06080,42.54317570086003,-72.17340949219127,Aralia nudicaulis L.,Forb
HARV,42.542779,-72.172129,NEON.PLA.D01.HARV.06020,42.54373466595716,-72.1729514213497,Quercus rubra L.,Deciduous broadleaf
HARV,42.542779,-72.172129,NEON.PLA.D01.HARV.06062,42.54218373889554,-72.1733447348177,Aralia nudicaulis L.,Forb
HARV,42.542779,-72.172129,NEON.PLA.D01.HARV.06011,42.543121280575924,-72.17339942815406,Acer rubrum L.,Deciduous broadleaf
HARV,42.542779,-72.172129,NEON.PLA.D01.HARV.06060,42.54192711632998,-72.17293465363954,Acer rubrum L.,Deciduous broadleaf
HARV,42.542779,-72.172129,NEON.PLA.D01.HARV.06018,42.54373882539456,-72.17315110151527,Acer rubrum L.,Deciduous broadleaf
HARV,42.542779,-72.172129,NEON.PLA.D01.HARV.06023,42.54374786980833,-72.17228876237829,Quercus rubra L.,Deciduous broadleaf
HARV,42.542779,-72.172129,NEON.PLA.D01.HARV.06193,42.54373760395316,-72.17093379485314,Aralia nudicaulis L.,Forb
HARV,42.542779,-72.172129,NEON.PLA.D01.HARV.06199,42.54200864083295,-72.17343168130604,Aralia nudicaulis L.,Forb
HARV,42.542779,-72.172129,NEON.PLA.D01.HARV.06068,42.543485930567826,-72.17090961417733,Aralia nudicaulis L.,Forb
HARV,42.542779,-72.172129,NEON.PLA.D01.HARV.06531,42.54369976170892,-72.17342568463988,Quercus rubra L.,Deciduous broadleaf
HARV,42.542779,-72.172129,NEON.PLA.D01.HARV.06073,42.54361708028621,-72.17336801417834,Aralia nudicaulis L.,Forb
HARV,42.542779,-72.172129,NEON.PLA.D01.HARV.06017,42.54370648529076,-72.17332744609578,Acer rubrum L.,Deciduous broadleaf
HARV,42.542779,-72.172129,NEON.PLA.D01.HARV.06190,42.54188104160428,-72.17185387247041,Aralia nudicaulis L.,Forb
HARV,42.542779,-72.172129,NEON.PLA.D01.HARV.06186,42.542457438909736,-72.17091875249608,Aralia nudicaulis L.,Forb
HARV,42.542779,-72.172129,NEON.PLA.D01.HARV.06537,42.54197139917502,-72.17335905866955,Aralia nudicaulis L.,Forb
HARV,42.542779,-72.172129,NEON.PLA.D01.HARV.06082,42.54374786980833,-72.17228876237829,Aralia nudicaulis L.,Forb
HARV,42.542779,-72.172129,NEON.PLA.D01.HARV.06534,42.54374803925382,-72.17104282848597,Aralia nudicaulis L.,Forb
HARV,42.542779,-72.172129,NEON.PLA.D01.HARV.06048,42.54201870191262,-72.17348024641927,Quercus rubra L.,Deciduous broadleaf
HARV,42.542779,-72.172129,NEON.PLA.D01.HARV.06009,42.54300251914865,-72.17334315822069,Acer rubrum L.,Deciduous broadleaf
HARV,42.542779,-72.172129,NEON.PLA.D01.HARV.06001,42.54199707833,-72.17332229735442,Acer rubrum L.,Deciduous broadleaf
HARV,42.542779,-72.172129,NEON.PLA.D01.HARV.06054,42.54192832480145,-72.17210846123258,Acer rubrum L.,Deciduous broadleaf
HARV,42.542779,-72.172129,NEON.PLA.D01.HARV.06076,42.54339442725852,-72.17084113011072,Aralia nudicaulis L.,Forb
HARV,42.542779,-72.172129,NEON.PLA.D01.HARV.06086,42.54193654999557,-72.17202251490279,Aralia nudicaulis L.,Forb
HARV,42.542779,-72.172129,NEON.PLA.D01.HARV.06189,42.54193578030086,-72.1719369748276,Aralia nudicaulis L.,Forb
HARV,42.542779,-72.172129,NEON.PLA.D01.HARV.06094,42.54345351913744,-72.17332565801595,Acer rubrum L.,Deciduous broadleaf
HARV,42.542779,-72.172129,NEON.PLA.D01.HARV.06021,42.543694006866716,-72.17272840595928,Quercus rubra L.,Deciduous broadleaf
HARV,42.542779,-72.172129,NEON.PLA.D01.HARV.06056,42.54195622897466,-72.17219269258081,Quercus rubra L.,Deciduous broadleaf
HARV,42.542779,-72.172129,NEON.PLA.D01.HARV.06552,42.54368803911524,-72.17331655774093,Quercus rubra L.,Deciduous broadleaf
HARV,42.542779,-72.172129,NEON.PLA.D01.HARV.06014,42.54348027884279,-72.17331244393166,Quercus rubra L.,Deciduous broadleaf
HARV,42.542779,-72.172129,NEON.PLA.D01.HARV.06043,42.54215619892226,-72.17092827260794,Acer rubrum L.,Deciduous broadleaf
HARV,42.542779,-72.172129,NEON.PLA.D01.HARV.06551,42.5437450091986,-72.17215148233473,Quercus rubra L.,Deciduous broadleaf
HARV,42.542779,-72.172129,NEON.PLA.D01.HARV.06555,42.542362383200036,-72.17101914308286,Quercus rubra L.,Deciduous broadleaf
HARV,42.542779,-72.172129,NEON.PLA.D01.HARV.06549,42.543644902323805,-72.17141250530975,Acer rubrum L.,Deciduous broadleaf
HARV,42.542779,-72.172129,NEON.PLA.D01.HARV.06553,42.543066444318555,-72.17101591182382,Quercus rubra L.,Deciduous broadleaf
HARV,42.542779,-72.172129,NEON.PLA.D01.HARV.06012,42.543255079147464,-72.17333335815859,Quercus rubra L.,Deciduous broadleaf
HARV,42.542779,-72.172129,NEON.PLA.D01.HARV.06036,42.542989875597144,-72.17082488866247,Quercus rubra L.,Deciduous broadleaf
HARV,42.542779,-72.172129,NEON.PLA.D01.HARV.06556,42.542381305312226,-72.17106723838592,Acer rubrum L.,Deciduous broadleaf
HARV,42.542779,-72.172129,NEON.PLA.D01.HARV.06002,42.54216421717812,-72.17327193200884,Quercus rubra L.,Deciduous broadleaf
HARV,42.542779,-72.172129,NEON.PLA.D01.HARV.06538,42.54370211554212,-72.17225335363352,Quercus rubra L.,Deciduous broadleaf
HARV,42.542779,-72.172129,NEON.PLA.D01.HARV.06554,42.542715881588634,-72.17097145169124,Acer rubrum L.,Deciduous broadleaf
HARV,42.542779,-72.172129,NEON.PLA.D01.HARV.06544,42.5419302806239,-72.1713259744516,Quercus rubra L.,Deciduous broadleaf
HARV,42.542779,-72.172129,NEON.PLA.D01.HARV.06542,42.54191941517408,-72.17111864077916,Acer rubrum L.,Deciduous broadleaf
HARV,42.542779,-72.172129,NEON.PLA.D01.HARV.06047,42.54192730944326,-72.17099603436607,Acer rubrum L.,Deciduous broadleaf
HARV,42.542779,-72.172129,NEON.PLA.D01.HARV.06031,42.543538848915325,-72.17087042201615,Quercus rubra L.,Deciduous broadleaf
HARV,42.542779,-72.172129,NEON.PLA.D01.HARV.06057,42.54193808591985,-72.17260633126217,Quercus rubra L.,Deciduous broadleaf
HARV,42.542779,-72.172129,NEON.PLA.D01.HARV.06087,42.54195384083792,-72.17292130523936,Aralia nudicaulis L.,Forb
HARV,42.542779,-72.172129,NEON.PLA.D01.HARV.06197,42.543321221984726,-72.17345254840235,Aralia nudicaulis L.,Forb
HARV,42.542779,-72.172129,NEON.PLA.D01.HARV.06540,42.54204432476051,-72.17106571391062,Acer rubrum L.,Deciduous broadleaf
HARV,42.542779,-72.172129,NEON.PLA.D01.HARV.06004,42.54243512193538,-72.17347601706759,Quercus rubra L.,Deciduous broadleaf
HARV,42.542779,-72.172129,NEON.PLA.D01.HARV.06074,42.54280634110826,-72.17343574568618,Aralia nudicaulis L.,Forb
HARV,42.542779,-72.172129,NEON.PLA.D01.HARV.06192,42.54301828835577,-72.17088435834852,Aralia nudicaulis L.,Forb
HARV,42.542779,-72.172129,NEON.PLA.D01.HARV.06539,42.5435906208611,-72.17339339235177,Acer rubrum L.,Deciduous broadleaf
HARV,42.542779,-72.172129,NEON.PLA.D01.HARV.06548,42.54371007014793,-72.17220302739246,Acer rubrum L.,Deciduous broadleaf
HARV,42.542779,-72.172129,NEON.PLA.D01.HARV.06533,42.54271008220601,-72.17348539129357,Quercus rubra L.,Deciduous broadleaf
HARV,42.542779,-72.172129,NEON.PLA.D01.HARV.06545,42.5419454698005,-72.17337092779404,Acer rubrum L.,Deciduous broadleaf
HARV,42.542779,-72.172129,NEON.PLA.D01.HARV.06030,42.543738884391075,-72.17103107490642,Acer rubrum L.,Deciduous broadleaf
HARV,42.542779,-72.172129,NEON.PLA.D01.HARV.06026,42.54370575042347,-72.17193294729799,Quercus rubra L.,Deciduous broadleaf
HARV,42.542779,-72.172129,NEON.PLA.D01.HARV.06005,42.5424424805691,-72.17341510778695,Acer rubrum L.,Deciduous broadleaf
HARV,42.542779,-72.172129,NEON.PLA.D01.HARV.06064,42.5431253272602,-72.17085463039768,Aralia nudicaulis L.,Forb
HARV,42.542779,-72.172129,NEON.PLA.D01.HARV.06187,42.542608058896924,-72.1709139923766,Aralia nudicaulis L.,Forb
HARV,42.542779,-72.172129,NEON.PLA.D01.HARV.06058,42.541956855632264,-72.17264190892374,Acer rubrum L.,Deciduous broadleaf
HARV,42.542779,-72.172129,NEON.PLA.D01.HARV.06032,42.543485930567826,-72.17090961417733,Acer rubrum L.,Deciduous broadleaf
HARV,42.542779,-72.172129,NEON.PLA.D01.HARV.06536,42.54374808017815,-72.17316317540379,Aralia nudicaulis L.,Forb
HARV,42.542779,-72.172129,NEON.PLA.D01.HARV.06033,42.54340550111314,-72.17092582822484,Acer rubrum L.,Deciduous broadleaf
HARV,42.542779,-72.172129,NEON.PLA.D01.HARV.06003,42.54228089860968,-72.1733315809346,Quercus rubra L.,Deciduous broadleaf
HARV,42.542779,-72.172129,NEON.PLA.D01.HARV.06049,42.54198457961105,-72.17136019632645,Acer rubrum L.,Deciduous broadleaf
HARV,42.542779,-72.172129,NEON.PLA.D01.HARV.06543,42.542248104778665,-72.17105927433174,Quercus rubra L.,Deciduous broadleaf
HARV,42.542779,-72.172129,NEON.PLA.D01.HARV.06081,42.5434775616617,-72.17093439224664,Aralia nudicaulis L.,Forb
HARV,42.542779,-72.172129,NEON.PLA.D01.HARV.06085,42.543401801429304,-72.17342507041153,Aralia nudicaulis L.,Forb
HARV,42.542779,-72.172129,NEON.PLA.D01.HARV.06077,42.54238046056971,-72.1734157377642,Aralia nudicaulis L.,Forb
HARV,42.542779,-72.172129,NEON.PLA.D01.HARV.06547,42.54194576472106,-72.17204654866727,Quercus rubra L.,Deciduous broadleaf
HARV,42.542779,-72.172129,NEON.PLA.D01.HARV.06050,42.541967580123476,-72.17147098915339,Quercus rubra L.,Deciduous broadleaf
HARV,42.542779,-72.172129,NEON.PLA.D01.HARV.06051,42.541934240719804,-72.17176589469385,Quercus rubra L.,Deciduous broadleaf
HARV,42.542779,-72.172129,NEON.PLA.D01.HARV.06090,42.54194620450787,-72.17209542872064,Aralia nudicaulis L.,Forb
HARV,42.542779,-72.172129,NEON.PLA.D01.HARV.06535,42.543689951788174,-72.17296593211564,Aralia nudicaulis L.,Forb
HARV,42.542779,-72.172129,NEON.PLA.D01.HARV.06198,42.542932461121325,-72.17343110588209,Aralia nudicaulis L.,Forb
HARV,42.542779,-72.172129,NEON.PLA.D01.HARV.06006,42.54255826111831,-72.17343826557817,Quercus rubra L.,Deciduous broadleaf
HARV,42.542779,-72.172129,NEON.PLA.D01.HARV.06010,42.54308309857088,-72.17331568025237,Quercus rubra L.,Deciduous broadleaf
HARV,42.542779,-72.172129,NEON.PLA.D01.HARV.06027,42.54376663465381,-72.17177202294322,Acer rubrum L.,Deciduous broadleaf
HARV,42.542779,-72.172129,NEON.PLA.D01.HARV.06042,42.54227813510775,-72.17083920598482,Quercus rubra L.,Deciduous broadleaf
HARV,42.542779,-72.172129,NEON.PLA.D01.HARV.06550,42.54362643265921,-72.17137683809071,Quercus rubra L.,Deciduous broadleaf
HARV,42.542779,-72.172129,NEON.PLA.D01.HARV.06013,42.54330919914551,-72.17333125812789,Acer rubrum L.,Deciduous broadleaf
HARV,42.542779,-72.172129,NEON.PLA.D01.HARV.06195,42.54372920616801,-72.172689341201007,Aralia nudicaulis L.,Forb
HARV,42.542779,-72.172129,NEON.PLA.D01.HARV.06052,42.541936330089314,-72.17199807488075,Quercus rubra L.,Deciduous broadleaf
HARV,42.542779,-72.172129,NEON.PLA.D01.HARV.06541,42.54185636620126,-72.17211171121845,Acer rubrum L.,Deciduous broadleaf
HARV,42.542779,-72.172129,NEON.PLA.D01.HARV.06089,42.542272038609994,-72.17333167094199,Aralia nudicaulis L.,Forb
HARV,42.542779,-72.172129,NEON.PLA.D01.HARV.06024,42.54371750460331,-72.17212774114483,Acer rubrum L.,Deciduous broadleaf
HARV,42.542779,-72.172129,NEON.PLA.D01.HARV.06071,42.5425298794484,-72.17336555231242,Aralia nudicaulis L.,Forb
HARV,42.542779,-72.172129,NEON.PLA.D01.HARV.06188,42.543184420578434,-72.17339697819669,Aralia nudicaulis L.,Forb
HARV,42.542779,-72.172129,NEON.PLA.D01.HARV.06007,42.54266578220665,-72.17348584124012,Acer rubrum L.,Deciduous broadleaf
HARV,42.542779,-72.172129,NEON.PLA.D01.HARV.06185,42.5437478792048,-72.17103066847696,Aralia nudicaulis L.,Forb
HARV,42.542779,-72.172129,NEON.PLA.D01.HARV.06184,42.54374697032598,-72.17228880300318,Aralia nudicaulis L.,Forb
HARV,42.542779,-72.172129,NEON.PLA.D01.HARV.06181,42.541872156749974,-72.17186649875251,Aralia nudicaulis L.,Forb
HARV,42.542779,-72.172129,NEON.PLA.D01.HARV.06183,42.541980259175254,-72.17335896866874,Aralia nudicaulis L.,Forb
HARV,42.542779,-72.172129,NEON.PLA.D01.HARV.06182,42.542421998912104,-72.17091987251804,Aralia nudicaulis L.,Forb
HARV,42.542779,-72.172129,NEON.PLA.D01.HARV.06526,42.54367690138504,-72.17320386438435,Acer rubrum L.,Deciduous broadleaf
HARV,42.542779,-72.172129,NEON.PLA.D01.HARV.06529,42.54361768085995,-72.1733923423497,Aralia nudicaulis L.,Forb
HARV,42.542779,-72.172129,NEON.PLA.D01.HARV.06528,42.543485930567826,-72.17090961417733,Aralia nudicaulis L.,Forb
HARV,42.542779,-72.172129,NEON.PLA.D01.HARV.06527,42.543673302271635,-72.17345106282502,Quercus rubra L.,Deciduous broadleaf
HARV,42.542779,-72.172129,NEON.PLA.D01.HARV.06518,42.54199086077733,-72.17342942853337,Aralia nudicaulis L.,Forb
HARV,42.542779,-72.172129,NEON.PLA.D01.HARV.06517,42.54374627864355,-72.17090906839424,Aralia nudicaulis L.,Forb
HARV,42.542779,-72.172129,NEON.PLA.D01.HARV.00082,42.541989144260036,-72.17330824735552,Acer rubrum L.,Deciduous broadleaf
HARV,42.542779,-72.172129,NEON.PLA.D01.HARV.06501,42.54199683934774,-72.1732471911772,Acer rubrum L.,Deciduous broadleaf
HARV,42.542779,-72.172129,NEON.PLA.D01.HARV.06800,42.541997979175726,-72.17335878866687,Aralia nudicaulis L.,Forb
HARV,42.542779,-72.172129,NEON.PLA.D01.HARV.06799,42.543757034067625,-72.17104242205805,Aralia nudicaulis L.,Forb
HARV,42.542779,-72.172129,NEON.PLA.D01.HARV.06507,42.54365761096673,-72.17101041278045,Trientalis borealis Raf. ssp. borealis,Forb
HARV,42.542779,-72.172129,NEON.PLA.D01.HARV.06505,42.54218398106794,-72.17097608773206,Trientalis borealis Raf. ssp. borealis,Forb
HARV,42.542779,-72.172129,NEON.PLA.D01.HARV.06515,42.542484978884204,-72.17334167460437,Medeola virginiana L.,Forb
HARV,42.542779,-72.172129,NEON.PLA.D01.HARV.06508,42.54322504918996,-72.17089225425383,Uvularia sessilifolia L.,Forb
HARV,42.542779,-72.172129,NEON.PLA.D01.HARV.06504,42.54371490519733,-72.17194470100848,Uvularia sessilifolia L.,Forb
HARV,42.542779,-72.172129,NEON.PLA.D01.HARV.06502,42.542726300836115,-72.17342439174614,Uvularia sessilifolia L.,Forb
HARV,42.542779,-72.172129,NEON.PLA.D01.HARV.06513,42.54186784107288,-72.17226953485188,Medeola virginiana L.,Forb
HARV,42.542779,-72.172129,NEON.PLA.D01.HARV.06998,42.541883020844196,-72.17207383247141,Trientalis borealis Raf. ssp. borealis,Forb
HARV,42.542779,-72.172129,NEON.PLA.D01.HARV.06516,42.54189191695303,-72.17297266814882,Maianthemum canadense Desf.,Forb
HARV,42.542779,-72.172129,NEON.PLA.D01.HARV.06503,42.541949150430426,-72.17142292179778,Mitchella repens L.,Evergreen broadleaf - no leaf buds
HARV,42.542779,-72.172129,NEON.PLA.D01.HARV.06999,42.54188578183334,-72.17310650422779,Mitchella repens L.,Evergreen broadleaf - no leaf buds
HARV,42.542779,-72.172129,NEON.PLA.D01.HARV.06509,42.541892591733934,-72.17258410216179,Uvularia sessilifolia L.,Forb
HARV,42.542779,-72.172129,NEON.PLA.D01.HARV.06514,42.54195869531365,-72.17148361550571,Medeola virginiana L.,Forb
HARV,42.542779,-72.172129,NEON.PLA.D01.HARV.06984,42.54331429836662,-72.17086950821607,Maianthemum racemosum (L.) Link ssp. racemosum,Forb
HARV,42.542779,-72.172129,NEON.PLA.D01.HARV.06994,42.542635899157865,-72.17335230835225,Maianthemum canadense Desf.,Forb
HARV,42.542779,-72.172129,NEON.PLA.D01.HARV.06992,42.543707225994154,-72.17136102067614,Maianthemum canadense Desf.,Forb
HARV,42.542779,-72.172129,NEON.PLA.D01.HARV.06511,42.54245038213614,-72.17099201550272,Maianthemum canadense Desf.,Forb
HARV,42.542779,-72.172129,NEON.PLA.D01.HARV.06986,42.54368641610895,-72.17322841827152,Maianthemum canadense Desf.,Forb
HARV,42.542779,-72.172129,NEON.PLA.D01.HARV.06993,42.54365633051496,-72.17091313285476,Trientalis borealis Raf. ssp. borealis,Forb
HARV,42.542779,-72.172129,NEON.PLA.D01.HARV.06997,42.542620281116754,-72.17343763561199,Trientalis borealis Raf. ssp. borealis,Forb
HARV,42.542779,-72.172129,NEON.PLA.D01.HARV.06996,42.54285128111221,-72.17343425575127,Maianthemum canadense Desf.,Forb
HARV,42.542779,-72.172129,NEON.PLA.D01.HARV.06510,42.54268014105338,-72.17096040781746,Uvularia sessilifolia L.,Forb
HARV,42.542779,-72.172129,NEON.PLA.D01.HARV.06506,42.54185788196045,-72.17128034537446,Mitchella repens L.,Evergreen broadleaf - no leaf buds
HARV,42.542779,-72.172129,NEON.PLA.D01.HARV.06512,42.54219344213358,-72.17100013530576,Mitchella repens L.,Evergreen broadleaf - no leaf buds
HARV,42.542779,-72.172129,NEON.PLA.D01.HARV.06991,42.54193340535176,-72.17238799125343,Mitchella repens L.,Evergreen broadleaf - no leaf buds
HARV,42.542779,-72.172129,NEON.PLA.D01.HARV.06990,42.54367118220334,-72.17292930442812,Medeola virginiana L.,Forb
HARV,42.542779,-72.172129,NEON.PLA.D01.HARV.06988,42.54369198964002,-72.17088718707875,Medeola virginiana L.,Forb
HARV,42.542779,-72.172129,NEON.PLA.D01.HARV.06983,42.54371929420516,-72.17091028773434,Maianthemum racemosum (L.) Link ssp. racemosum,Forb
HARV,42.542779,-72.172129,NEON.PLA.D01.HARV.06989,42.54326439943642,-72.1733451721706,Medeola virginiana L.,Forb
HARV,42.542779,-72.172129,NEON.PLA.D01.HARV.06995,42.54225702111694,-72.17344132534919,Medeola virginiana L.,Forb
HARV,42.542779,-72.172129,NEON.PLA.D01.HARV.06985,42.54267893888939,-72.1709117523057,Maianthemum racemosum (L.) Link ssp. racemosum,Forb
HARV,42.542779,-72.172129,NEON.PLA.D01.HARV.06987,42.542814900830635,-72.17342349175824,Maianthemum racemosum (L.) Link ssp. racemosum,Forb
HARV,42.542779,-72.172129,NEON.PLA.D01.HARV.06685,42.543718702550564,-72.17346147696283,Betula alleghaniensis Britton,Deciduous broadleaf
HARV,42.542779,-72.172129,NEON.PLA.D01.HARV.06697,42.54321914929299,-72.1733408401796,Prunus serotina Ehrh. var. serotina,Deciduous broadleaf
HARV,42.542779,-72.172129,NEON.PLA.D01.HARV.06698,42.54279778138448,-72.17344799961077,Pinus strobus L.,Pine
HARV,42.542779,-72.172129,NEON.PLA.D01.HARV.06696,42.5437008126898,-72.17346825899855,Pinus strobus L.,Pine
HARV,42.542779,-72.172129,NEON.PLA.D01.HARV.06695,42.54375504426215,-72.17220099608653,Pinus strobus L.,Pine
HARV,42.542779,-72.172129,NEON.PLA.D01.HARV.06691,42.54182256284358,-72.17135529074166,Pinus strobus L.,Pine
HARV,42.542779,-72.172129,NEON.PLA.D01.HARV.06693,42.54377194979538,-72.17149193618434,Pinus strobus L.,Pine
HARV,42.542779,-72.172129,NEON.PLA.D01.HARV.06690,42.542031767615796,-72.17329152788598,Acer pensylvanicum L.,Deciduous broadleaf
HARV,42.542779,-72.172129,NEON.PLA.D01.HARV.06683,42.543733443576365,-72.17267665809936,Viburnum acerifolium L.,Deciduous broadleaf
HARV,42.542779,-72.172129,NEON.PLA.D01.HARV.06670,42.54200783291701,-72.17102426070866,Vaccinium corymbosum L.,Deciduous broadleaf
HARV,42.542779,-72.172129,NEON.PLA.D01.HARV.06682,42.543670893711024,-72.17226725550853,Viburnum acerifolium L.,Deciduous broadleaf
HARV,42.542779,-72.172129,NEON.PLA.D01.HARV.06688,42.5431266970982,-72.17325311027815,Fagus grandifolia Ehrh.,Deciduous broadleaf
HARV,42.542779,-72.172129,NEON.PLA.D01.HARV.06675,42.543629986311124,-72.17096299213017,Fagus grandifolia Ehrh.,Deciduous broadleaf
HARV,42.542779,-72.172129,NEON.PLA.D01.HARV.06673,42.54320786055653,-72.17092356420916,Vaccinium corymbosum L.,Deciduous broadleaf
HARV,42.542779,-72.172129,NEON.PLA.D01.HARV.06678,42.54362980994997,-72.17129151498129,Fagus grandifolia Ehrh.,Deciduous broadleaf
HARV,42.542779,-72.172129,NEON.PLA.D01.HARV.06692,42.54262118193634,-72.173474127291,Fraxinus americana L.,Deciduous broadleaf
HARV,42.542779,-72.172129,NEON.PLA.D01.HARV.06687,42.543374140864906,-72.17340179231307,Betula lenta L.,Deciduous broadleaf
HARV,42.542779,-72.172129,NEON.PLA.D01.HARV.06699,42.542504800844156,-72.17342664167526,Prunus serotina Ehrh. var. serotina,Deciduous broadleaf
HARV,42.542779,-72.172129,NEON.PLA.D01.HARV.06676,42.543648135993585,-72.17097433924364,Viburnum acerifolium L.,Deciduous broadleaf
HARV,42.542779,-72.172129,NEON.PLA.D01.HARV.06686,42.543624748975454,-72.17331292578311,Vaccinium corymbosum L.,Deciduous broadleaf
HARV,42.542779,-72.172129,NEON.PLA.D01.HARV.06700,42.542253417751915,-72.17329535949561,Prunus serotina Ehrh. var. serotina,Deciduous broadleaf
HARV,42.542779,-72.172129,NEON.PLA.D01.HARV.06656,42.54370418548832,-72.17112998062832,Maianthemum racemosum (L.) Link ssp. racemosum,Forb
HARV,42.542779,-72.172129,NEON.PLA.D01.HARV.06694,42.54377946840942,-72.17206345714823,Fraxinus americana L.,Deciduous broadleaf
HARV,42.542779,-72.172129,NEON.PLA.D01.HARV.06677,42.543738564289335,-72.1710067548923,Acer pensylvanicum L.,Deciduous broadleaf
HARV,42.542779,-72.172129,NEON.PLA.D01.HARV.06671,42.54231537837685,-72.17091106876276,Viburnum acerifolium L.,Deciduous broadleaf
HARV,42.542779,-72.172129,NEON.PLA.D01.HARV.06680,42.54363025413985,-72.17200936079911,Vaccinium corymbosum L.,Deciduous broadleaf
HARV,42.542779,-72.172129,NEON.PLA.D01.HARV.06681,42.543681005181426,-72.17210440625,Fraxinus americana L.,Deciduous broadleaf
HARV,42.542779,-72.172129,NEON.PLA.D01.HARV.06689,42.54299289857141,-72.17331918029244,Prunus serotina Ehrh. var. serotina,Deciduous broadleaf
HARV,42.542779,-72.172129,NEON.PLA.D01.HARV.06679,42.54370575042347,-72.17193294729799,Viburnum acerifolium L.,Deciduous broadleaf
HARV,42.542779,-72.172129,NEON.PLA.D01.HARV.06674,42.54348397697617,-72.17083054795894,Betula lenta L.,Deciduous broadleaf
HARV,42.542779,-72.172129,NEON.PLA.D01.HARV.06684,42.543756295143886,-72.17312532923451,Fagus grandifolia Ehrh.,Deciduous broadleaf
HARV,42.542779,-72.172129,NEON.PLA.D01.HARV.06672,42.54292798725121,-72.17086453049488,Betula lenta L.,Deciduous broadleaf
HARV,42.542779,-72.172129,NEON.PLA.D01.HARV.06660,42.54335839698215,-72.1708368481549,Fagus grandifolia Ehrh.,Deciduous broadleaf
HARV,42.542779,-72.172129,NEON.PLA.D01.HARV.06661,42.54312893379338,-72.17100059797457,Vaccinium corymbosum L.,Deciduous broadleaf
HARV,42.542779,-72.172129,NEON.PLA.D01.HARV.06669,42.541849437710255,-72.17267104295472,Prunus serotina Ehrh. var. serotina,Deciduous broadleaf
HARV,42.542779,-72.172129,NEON.PLA.D01.HARV.06665,42.541833524209565,-72.17107362154803,Betula lenta L.,Deciduous broadleaf
HARV,42.542779,-72.172129,NEON.PLA.D01.HARV.06658,42.5437619585802,-72.17210074977227,Acer pensylvanicum L.,Deciduous broadleaf
HARV,42.542779,-72.172129,NEON.PLA.D01.HARV.06657,42.54206765804491,-72.17330941351776,Fraxinus americana L.,Deciduous broadleaf
HARV,42.542779,-72.172129,NEON.PLA.D01.HARV.06666,42.54184353359035,-72.17218564055267,Acer pensylvanicum L.,Deciduous broadleaf
HARV,42.542779,-72.172129,NEON.PLA.D01.HARV.06662,42.54211370213021,-72.17100265521955,Betula alleghaniensis Britton,Deciduous broadleaf
HARV,42.542779,-72.172129,NEON.PLA.D01.HARV.06668,42.541868467410254,-72.17271875057735,Betula lenta L.,Deciduous broadleaf
HARV,42.542779,-72.172129,NEON.PLA.D01.HARV.06664,42.541989511857565,-72.17100049318951,Betula alleghaniensis Britton,Deciduous broadleaf
HARV,42.542779,-72.172129,NEON.PLA.D01.HARV.06663,42.54206985292185,-72.17102230080708,Vaccinium corymbosum L.,Deciduous broadleaf
HARV,42.542779,-72.172129,NEON.PLA.D01.HARV.06659,42.54372971303496,-72.17136000472168,Fraxinus americana L.,Deciduous broadleaf
HARV,42.542779,-72.172129,NEON.PLA.D01.HARV.06667,42.54186136985449,-72.17259765377834,Acer pensylvanicum L.,Deciduous broadleaf
HARV,42.542779,-72.172129,NEON.PLA.D01.HARV.06654,42.543241786984574,-72.17084269830212,Acer saccharum Marshall var. saccharum,Deciduous broadleaf
HARV,42.542779,-72.172129,NEON.PLA.D01.HARV.06651,42.542930091069614,-72.17094967797738,Acer saccharum Marshall var. saccharum,Deciduous broadleaf
HARV,42.542779,-72.172129,NEON.PLA.D01.HARV.06655,42.54332537219735,-72.17095420622864,Acer saccharum Marshall var. saccharum,Deciduous broadleaf
HARV,42.542779,-72.172129,NEON.PLA.D01.HARV.06653,42.543118911906,-72.17095847408694,Acer saccharum Marshall var. saccharum,Deciduous broadleaf
HARV,42.542779,-72.172129,NEON.PLA.D01.HARV.06652,42.54299288107825,-72.17094652804194,Acer saccharum Marshall var. saccharum,Deciduous broadleaf
HARV,42.542779,-72.172129,NEON.PLA.D01.HARV.06644,42.54198412694849,-72.17328419035877,Tsuga canadensis (L.) Carrière,Evergreen conifer
HARV,42.542779,-72.172129,NEON.PLA.D01.HARV.06645,42.541884923825315,-72.17327652724016,Tsuga canadensis (L.) Carrière,Evergreen conifer
HARV,42.542779,-72.172129,NEON.PLA.D01.HARV.06648,42.54193473347621,-72.17308001063445,Tsuga canadensis (L.) Carrière,Evergreen conifer
HARV,42.542779,-72.172129,NEON.PLA.D01.HARV.06646,42.54204438110699,-72.17344348512296,Tsuga canadensis (L.) Carrière,Evergreen conifer
HARV,42.542779,-72.172129,NEON.PLA.D01.HARV.06647,42.54186812995396,-72.1729130334997,Tsuga canadensis (L.) Carrière,Evergreen conifer
HARV,42.542779,-72.172129,NEON.PLA.D01.HARV.06650,42.542086220531544,-72.17096700389806,Betula alleghaniensis Britton,Deciduous broadleaf
HARV,42.542779,-72.172129,NEON.PLA.D01.HARV.06649,42.54207405457624,-72.17083348252858,Betula alleghaniensis Britton,Deciduous broadleaf
HARV,42.542779,-72.172129,NEON.PLA.D01.HARV.06642,42.54200317458068,-72.17083572262959,Betula alleghaniensis Britton,Deciduous broadleaf
HARV,42.542779,-72.172129,NEON.PLA.D01.HARV.06582,42.541868467410254,-72.17271875057735,Uvularia sessilifolia L.,Forb
HARV,42.542779,-72.172129,NEON.PLA.D01.HARV.06578,42.54316608029469,-72.17338551418715,Acer pensylvanicum L.,Deciduous broadleaf
HARV,42.542779,-72.172129,NEON.PLA.D01.HARV.06576,42.54367721143881,-72.17235441231931,Viburnum acerifolium L.,Deciduous broadleaf
HARV,42.542779,-72.172129,NEON.PLA.D01.HARV.06979,42.54186810112752,-72.17228166483706,Mitchella repens L.,Evergreen broadleaf - no leaf buds
HARV,42.542779,-72.172129,NEON.PLA.D01.HARV.06981,42.543184120295145,-72.17338481419499,Aralia nudicaulis L.,Forb
HARV,42.542779,-72.172129,NEON.PLA.D01.HARV.06978,42.54370591037644,-72.17194510730626,Viburnum acerifolium L.,Deciduous broadleaf
SJER,37.111443,-119.731488,NEON.PLA.D17.SJER.06015,37.11221978146094,-119.73443058025966,Quercus douglasii Hook. & Arn.,Semi-evergreen broadleaf
SJER,37.111443,-119.731488,NEON.PLA.D17.SJER.06023,37.11234397896638,-119.73263109237556,Quercus douglasii Hook. & Arn.,Semi-evergreen broadleaf
SJER,37.111443,-119.731488,NEON.PLA.D17.SJER.06025,37.11210101932616,-119.73261031720695,Quercus douglasii Hook. & Arn.,Semi-evergreen broadleaf
SJER,37.111443,-119.731488,NEON.PLA.D17.SJER.06029,37.11103330645203,-119.73253533723702,Quercus douglasii Hook. & Arn.,Semi-evergreen broadleaf
SJER,37.111443,-119.731488,NEON.PLA.D17.SJER.06008,37.11122496391405,-119.73492546022844,Quercus douglasii Hook. & Arn.,Semi-evergreen broadleaf
SJER,37.111443,-119.731488,NEON.PLA.D17.SJER.06010,37.11189891904798,-119.73484571453739,Quercus douglasii Hook. & Arn.,Semi-evergreen broadleaf
SJER,37.111443,-119.731488,NEON.PLA.D17.SJER.06017,37.11234606797135,-119.7337863774818,Quercus douglasii Hook. & Arn.,Semi-evergreen broadleaf
SJER,37.111443,-119.731488,NEON.PLA.D17.SJER.06021,37.112263731116734,-119.73290763111123,Quercus douglasii Hook. & Arn.,Semi-evergreen broadleaf
SJER,37.111443,-119.731488,NEON.PLA.D17.SJER.06024,37.11225574514413,-119.7325481309981,Quercus douglasii Hook. & Arn.,Semi-evergreen broadleaf
SJER,37.111443,-119.731488,NEON.PLA.D17.SJER.06020,37.11226580542251,-119.73314336486399,Quercus douglasii Hook. & Arn.,Semi-evergreen broadleaf
SJER,37.111443,-119.731488,NEON.PLA.D17.SJER.06007,37.11111276954666,-119.73482063735887,Quercus douglasii Hook. & Arn.,Semi-evergreen broadleaf
SJER,37.111443,-119.731488,NEON.PLA.D17.SJER.06019,37.11223318341995,-119.7333329631689,Quercus douglasii Hook. & Arn.,Semi-evergreen broadleaf
SJER,37.111443,-119.731488,NEON.PLA.D17.SJER.06026,37.11181036555089,-119.73270158101057,Quercus douglasii Hook. & Arn.,Semi-evergreen broadleaf
SJER,37.111443,-119.731488,NEON.PLA.D17.SJER.06003,37.110467421356695,-119.73306934114409,Quercus douglasii Hook. & Arn.,Semi-evergreen broadleaf
SJER,37.111443,-119.731488,NEON.PLA.D17.SJER.06027,37.11157766138282,-119.73262606513232,Quercus douglasii Hook. & Arn.,Semi-evergreen broadleaf
SJER,37.111443,-119.731488,NEON.PLA.D17.SJER.06022,37.11230271674981,-119.73280803633651,Quercus douglasii Hook. & Arn.,Semi-evergreen broadleaf
SJER,37.111443,-119.731488,NEON.PLA.D17.SJER.06009,37.111794915130716,-119.73475013357181,Quercus douglasii Hook. & Arn.,Semi-evergreen broadleaf
SJER,37.111443,-119.731488,NEON.PLA.D17.SJER.06002,37.11050607714177,-119.73294864638856,Quercus douglasii Hook. & Arn.,Semi-evergreen broadleaf
SJER,37.111443,-119.731488,NEON.PLA.D17.SJER.06030,37.11156787346856,-119.73265948296385,Quercus douglasii Hook. & Arn.,Semi-evergreen broadleaf
SJER,37.111443,-119.731488,NEON.PLA.D17.SJER.06016,37.112226821435264,-119.73418044040214,Quercus douglasii Hook. & Arn.,Semi-evergreen broadleaf
SJER,37.111443,-119.731488,NEON.PLA.D17.SJER.06004,37.11057090904064,-119.73328393706745,Quercus douglasii Hook. & Arn.,Semi-evergreen broadleaf
SJER,37.111443,-119.731488,NEON.PLA.D17.SJER.06014,37.11223943282006,-119.73469306210002,Quercus douglasii Hook. & Arn.,Semi-evergreen broadleaf
SJER,37.111443,-119.731488,NEON.PLA.D17.SJER.06005,37.11055686910829,-119.73417586777659,Quercus douglasii Hook. & Arn.,Semi-evergreen broadleaf
SJER,37.111443,-119.731488,NEON.PLA.D17.SJER.06039,37.11066268102785,-119.73484008484218,Erodium botrys (Cav.) Bertol.,Forb
SJER,37.111443,-119.731488,NEON.PLA.D17.SJER.06047,37.11228212518962,-119.7341369041751,Erodium botrys (Cav.) Bertol.,Forb
SJER,37.111443,-119.731488,NEON.PLA.D17.SJER.06048,37.11227243643756,-119.73384063616506,Erodium botrys (Cav.) Bertol.,Forb
SJER,37.111443,-119.731488,NEON.PLA.D17.SJER.06052,37.11233335823058,-119.73268569764458,Erodium botrys (Cav.) Bertol.,Forb
SJER,37.111443,-119.731488,NEON.PLA.D17.SJER.06051,37.112317095037824,-119.73293199400798,Erodium botrys (Cav.) Bertol.,Forb
SJER,37.111443,-119.731488,NEON.PLA.D17.SJER.06042,37.11124491953965,-119.73482483738863,Erodium botrys (Cav.) Bertol.,Forb
SJER,37.111443,-119.731488,NEON.PLA.D17.SJER.06057,37.11147881067353,-119.7326114125621,Erodium botrys (Cav.) Bertol.,Forb
SJER,37.111443,-119.731488,NEON.PLA.D17.SJER.06045,37.11226196409993,-119.73485321410345,Erodium botrys (Cav.) Bertol.,Forb
SJER,37.111443,-119.731488,NEON.PLA.D17.SJER.06085,37.111830719312515,-119.73260101719453,Bromus diandrus Roth,Graminoid
SJER,37.111443,-119.731488,NEON.PLA.D17.SJER.06064,37.110514725009374,-119.73338180403033,Bromus diandrus Roth,Graminoid
SJER,37.111443,-119.731488,NEON.PLA.D17.SJER.06065,37.11048663709856,-119.73400527622732,Bromus diandrus Roth,Graminoid
SJER,37.111443,-119.731488,NEON.PLA.D17.SJER.06090,37.11072864927351,-119.73257520744994,Bromus diandrus Roth,Graminoid
SJER,37.111443,-119.731488,NEON.PLA.D17.SJER.06087,37.111470319272,-119.73258861737506,Bromus diandrus Roth,Graminoid
SJER,37.111443,-119.731488,NEON.PLA.D17.SJER.06062,37.110520485253744,-119.73311564402697,Bromus diandrus Roth,Graminoid
SJER,37.111443,-119.731488,NEON.PLA.D17.SJER.06074,37.111987059526165,-119.73486165719184,Bromus diandrus Roth,Graminoid
SJER,37.111443,-119.731488,NEON.PLA.D17.SJER.06066,37.110510169253075,-119.73433104809415,Bromus diandrus Roth,Graminoid
SJER,37.111443,-119.731488,NEON.PLA.D17.SJER.06082,37.11215456071495,-119.73263466261831,Bromus diandrus Roth,Graminoid
SJER,37.111443,-119.731488,NEON.PLA.D17.SJER.06089,37.111059059278844,-119.73258075736129,Bromus diandrus Roth,Graminoid
SJER,37.111443,-119.731488,NEON.PLA.D17.SJER.06084,37.112010400713636,-119.73262970253984,Bromus diandrus Roth,Graminoid
SJER,37.111443,-119.731488,NEON.PLA.D17.SJER.06063,37.1105000772669,-119.73322589637569,Bromus diandrus Roth,Graminoid
SJER,37.111443,-119.731488,NEON.PLA.D17.SJER.06078,37.112288527318235,-119.73329006636766,Bromus diandrus Roth,Graminoid
SJER,37.111443,-119.731488,NEON.PLA.D17.SJER.06079,37.11234750120275,-119.73312385943181,Bromus diandrus Roth,Graminoid
SJER,37.111443,-119.731488,NEON.PLA.D17.SJER.06071,37.11098942955015,-119.73481671735733,Bromus diandrus Roth,Graminoid
SJER,37.111443,-119.731488,NEON.PLA.D17.SJER.06081,37.11230634629032,-119.7326847262798,Bromus diandrus Roth,Graminoid
SJER,37.111443,-119.731488,NEON.PLA.D17.SJER.06083,37.11206497932518,-119.73260907719796,Bromus diandrus Roth,Graminoid
SJER,37.111443,-119.731488,NEON.PLA.D17.SJER.06077,37.11231761278036,-119.73352677182295,Bromus diandrus Roth,Graminoid
SJER,37.111443,-119.731488,NEON.PLA.D17.SJER.06070,37.110838881028236,-119.73484568483443,Bromus diandrus Roth,Graminoid
SJER,37.111443,-119.731488,NEON.PLA.D17.SJER.06080,37.11232255877703,-119.73302196548879,Bromus diandrus Roth,Graminoid
SJER,37.111443,-119.731488,NEON.PLA.D17.SJER.06086,37.111650000692514,-119.73261730250144,Bromus diandrus Roth,Graminoid
SJER,37.111443,-119.731488,NEON.PLA.D17.SJER.06068,37.110521202008755,-119.7348580897546,Bromus diandrus Roth,Graminoid
SJER,37.111443,-119.731488,NEON.PLA.D17.SJER.06075,37.11224290045625,-119.73489777271513,Bromus diandrus Roth,Graminoid
SJER,37.111443,-119.731488,NEON.PLA.D17.SJER.06061,37.11051087657548,-119.73272684633794,Bromus diandrus Roth,Graminoid
SJER,37.111443,-119.731488,NEON.PLA.D17.SJER.06105,37.111687077898715,-119.7325735719837,Erodium botrys (Cav.) Bertol.,Forb
SJER,37.111443,-119.731488,NEON.PLA.D17.SJER.06055,37.111812699311095,-119.73260039719818,Erodium botrys (Cav.) Bertol.,Forb
SJER,37.111443,-119.731488,NEON.PLA.D17.SJER.06046,37.1122513170666,-119.73459105617879,Erodium botrys (Cav.) Bertol.,Forb
SJER,37.111443,-119.731488,NEON.PLA.D17.SJER.06032,37.110530689209526,-119.7330605178281,Erodium botrys (Cav.) Bertol.,Forb
SJER,37.111443,-119.731488,NEON.PLA.D17.SJER.06056,37.111686040695766,-119.73261854249513,Erodium botrys (Cav.) Bertol.,Forb
SJER,37.111443,-119.731488,NEON.PLA.D17.SJER.06043,37.111739539538306,-119.7348484971898,Erodium botrys (Cav.) Bertol.,Forb
SJER,37.111443,-119.731488,NEON.PLA.D17.SJER.06106,37.11125321051789,-119.73484760247722,Bromus diandrus Roth,Graminoid
SJER,37.111443,-119.731488,NEON.PLA.D17.SJER.06072,37.11135012050871,-119.73485068254757,Bromus diandrus Roth,Graminoid
SJER,37.111443,-119.731488,NEON.PLA.D17.SJER.06108,37.110520245255465,-119.73312673402866,Erodium botrys (Cav.) Bertol.,Forb
SJER,37.111443,-119.731488,NEON.PLA.D17.SJER.06116,37.11231346523955,-119.7330553040541,Erodium botrys (Cav.) Bertol.,Forb
SJER,37.111443,-119.731488,NEON.PLA.D17.SJER.06113,37.111783220504805,-119.73487333242194,Erodium botrys (Cav.) Bertol.,Forb
SJER,37.111443,-119.731488,NEON.PLA.D17.SJER.06115,37.1122949842827,-119.73368306398089,Erodium botrys (Cav.) Bertol.,Forb
SJER,37.111443,-119.731488,NEON.PLA.D17.SJER.06118,37.11199289932244,-119.73260659718679,Erodium botrys (Cav.) Bertol.,Forb
SJER,37.111443,-119.731488,NEON.PLA.D17.SJER.06117,37.111865981403184,-119.73263598515155,Erodium botrys (Cav.) Bertol.,Forb
SJER,37.111443,-119.731488,NEON.PLA.D17.SJER.06119,37.11098684138938,-119.73261328494213,Erodium botrys (Cav.) Bertol.,Forb
SJER,37.111443,-119.731488,NEON.PLA.D17.SJER.06110,37.11050776407434,-119.73371472394817,Erodium botrys (Cav.) Bertol.,Forb
SJER,37.111443,-119.731488,NEON.PLA.D17.SJER.06107,37.110530804199286,-119.73263877382583,Erodium botrys (Cav.) Bertol.,Forb
SJER,37.111443,-119.731488,NEON.PLA.D17.SJER.06111,37.110566030531125,-119.7348257624273,Erodium botrys (Cav.) Bertol.,Forb
SJER,37.111443,-119.731488,NEON.PLA.D17.SJER.06109,37.11051496503146,-119.73337071403175,Erodium botrys (Cav.) Bertol.,Forb
SJER,37.111443,-119.731488,NEON.PLA.D17.SJER.06040,37.11082255855943,-119.734788912437,Erodium botrys (Cav.) Bertol.,Forb
SJER,37.111443,-119.731488,NEON.PLA.D17.SJER.06037,37.110482557293615,-119.73438607619728,Erodium botrys (Cav.) Bertol.,Forb
SJER,37.111443,-119.731488,NEON.PLA.D17.SJER.06054,37.11199212140696,-119.73264032520527,Erodium botrys (Cav.) Bertol.,Forb
SJER,37.111443,-119.731488,NEON.PLA.D17.SJER.06049,37.11230125497905,-119.73347007406343,Erodium botrys (Cav.) Bertol.,Forb
SJER,37.111443,-119.731488,NEON.PLA.D17.SJER.06031,37.11051183641249,-119.73268248632132,Erodium botrys (Cav.) Bertol.,Forb
SJER,37.111443,-119.731488,NEON.PLA.D17.SJER.06114,37.1120577795201,-119.73486541721749,Erodium botrys (Cav.) Bertol.,Forb
SJER,37.111443,-119.731488,NEON.PLA.D17.SJER.06034,37.11049767713566,-119.73333679634682,Erodium botrys (Cav.) Bertol.,Forb
SJER,37.111443,-119.731488,NEON.PLA.D17.SJER.06041,37.110971290534295,-119.73483864236157,Erodium botrys (Cav.) Bertol.,Forb
SJER,37.111443,-119.731488,NEON.PLA.D17.SJER.06035,37.11050776407434,-119.73371472394817,Erodium botrys (Cav.) Bertol.,Forb
SJER,37.111443,-119.731488,NEON.PLA.D17.SJER.06053,37.112227159327624,-119.73261465725612,Erodium botrys (Cav.) Bertol.,Forb
SJER,37.111443,-119.731488,NEON.PLA.D17.SJER.06050,37.11228984734784,-119.73324522637758,Erodium botrys (Cav.) Bertol.,Forb
SJER,37.111443,-119.731488,NEON.PLA.D17.SJER.06044,37.1119693795275,-119.73486071718716,Erodium botrys (Cav.) Bertol.,Forb
SJER,37.111443,-119.731488,NEON.PLA.D17.SJER.06059,37.1110144092792,-119.73258000736517,Erodium botrys (Cav.) Bertol.,Forb
SJER,37.111443,-119.731488,NEON.PLA.D17.SJER.06033,37.11051856523858,-119.73320436403675,Erodium botrys (Cav.) Bertol.,Forb
SJER,37.111443,-119.731488,NEON.PLA.D17.SJER.06121,37.11046754932484,-119.7341054283612,Erodium botrys (Cav.) Bertol.,Forb
SJER,37.111443,-119.731488,NEON.PLA.D17.SJER.06120,37.11050944426117,-119.73362578396488,Erodium botrys (Cav.) Bertol.,Forb
SJER,37.111443,-119.731488,NEON.PLA.D17.SJER.06124,37.11180090050385,-119.7348742724245,Erodium botrys (Cav.) Bertol.,Forb
SJER,37.111443,-119.731488,NEON.PLA.D17.SJER.06101,37.11053092920166,-119.73304942782426,Erodium botrys (Cav.) Bertol.,Forb
SJER,37.111443,-119.731488,NEON.PLA.D17.SJER.06036,37.11050344522707,-119.73411792410363,Erodium botrys (Cav.) Bertol.,Forb
SJER,37.111443,-119.731488,NEON.PLA.D17.SJER.06073,37.11159758051064,-119.734863462437,Bromus diandrus Roth,Graminoid
SJER,37.111443,-119.731488,NEON.PLA.D17.SJER.06038,37.11049648419996,-119.73476752407575,Erodium botrys (Cav.) Bertol.,Forb
SJER,37.111443,-119.731488,NEON.PLA.D17.SJER.06123,37.11164178050997,-119.73486581242645,Bromus diandrus Roth,Graminoid
SJER,37.111443,-119.731488,NEON.PLA.D17.SJER.06112,37.11078679954957,-119.73481027740984,Erodium botrys (Cav.) Bertol.,Forb
SJER,37.111443,-119.731488,NEON.PLA.D17.SJER.06125,37.111812699311095,-119.73260039719818,Erodium botrys (Cav.) Bertol.,Forb
SJER,37.111443,-119.731488,NEON.PLA.D17.SJER.06126,37.11109374208646,-119.73262632752093,Erodium botrys (Cav.) Bertol.,Forb
SJER,37.111443,-119.731488,NEON.PLA.D17.SJER.06104,37.111794160704015,-119.73262226248977,Erodium botrys (Cav.) Bertol.,Forb
SJER,37.111443,-119.731488,NEON.PLA.D17.SJER.06058,37.111147840682506,-119.73260474245772,Erodium botrys (Cav.) Bertol.,Forb
SJER,37.111443,-119.731488,NEON.PLA.D17.SJER.06103,37.11226932499825,-119.73459170420529,Erodium botrys (Cav.) Bertol.,Forb
SJER,37.111443,-119.731488,NEON.PLA.D17.SJER.06127,37.11065231663316,-119.73483075488116,Erodium botrys (Cav.) Bertol.,Forb
SJER,37.111443,-119.731488,NEON.PLA.D17.SJER.06130,37.1111016785286,-119.7348427863986,Bromus diandrus Roth,Graminoid
SJER,37.111443,-119.731488,NEON.PLA.D17.SJER.06129,37.11052276151873,-119.73408052435228,Erodium botrys (Cav.) Bertol.,Forb
SJER,37.111443,-119.731488,NEON.PLA.D17.SJER.06128,37.11048591228101,-119.73338076771246,Bromus diandrus Roth,Graminoid
SJER,37.111443,-119.731488,NEON.PLA.D17.SJER.06132,37.11048453341036,-119.73365263447333,Erodium botrys (Cav.) Bertol.,Forb
SJER,37.111443,-119.731488,NEON.PLA.D17.SJER.06133,37.111964232875756,-119.73489196159922,Erodium botrys (Cav.) Bertol.,Forb
SJER,37.111443,-119.731488,NEON.PLA.D17.SJER.06134,37.11050632461093,-119.73384912401467,Erodium botrys (Cav.) Bertol.,Forb
SJER,37.111443,-119.731488,NEON.PLA.D17.SJER.06137,37.110511116536294,-119.732715756334,Bromus diandrus Roth,Graminoid
SJER,37.111443,-119.731488,NEON.PLA.D17.SJER.06139,37.112317915351646,-119.73299598818187,Erodium botrys (Cav.) Bertol.,Forb
SJER,37.111443,-119.731488,NEON.PLA.D17.SJER.06138,37.11047613521522,-119.73473317886429,Bromus diandrus Roth,Graminoid
SJER,37.111443,-119.731488,NEON.PLA.D17.SJER.06140,37.110518949246924,-119.73318662003548,Bromus diandrus Roth,Graminoid
SJER,37.111443,-119.731488,NEON.PLA.D17.SJER.06142,37.110723291273274,-119.73257511745253,Bromus diandrus Roth,Graminoid
SJER,37.111443,-119.731488,NEON.PLA.D17.SJER.06141,37.111485091744214,-119.73261275381874,Bromus diandrus Roth,Graminoid
SJER,37.111443,-119.731488,NEON.PLA.D17.SJER.06143,37.11051160462785,-119.73352597399958,Bromus diandrus Roth,Graminoid
SJER,37.111443,-119.731488,NEON.PLA.D17.SJER.06347,37.11174042353829,-119.73484854418953,Lupinus bicolor Lindl.,Forb
SJER,37.111443,-119.731488,NEON.PLA.D17.SJER.06350,37.11218356702548,-119.7348608486105,Pterostegia drymarioides Fisch. & C.A. Mey.,Forb
SJER,37.111443,-119.731488,NEON.PLA.D17.SJER.06327,37.110503566746274,-119.73444285372263,Pterostegia drymarioides Fisch. & C.A. Mey.,Forb
SJER,37.111443,-119.731488,NEON.PLA.D17.SJER.06311,37.11055105294855,-119.73336868242477,Amsinckia menziesii (Lehm.) A. Nelson & J.F. Macbr. var. intermedia (Fisch. & C.A. Mey.) Ganders,Forb
SJER,37.111443,-119.731488,NEON.PLA.D17.SJER.06315,37.11050340678523,-119.73378515442604,Hypochaeris glabra L.,Forb
SJER,37.111443,-119.731488,NEON.PLA.D17.SJER.06335,37.11076917954915,-119.73480971741763,Thysanocarpus curvipes Hook.,Forb
SJER,37.111443,-119.731488,NEON.PLA.D17.SJER.06337,37.11098839547398,-119.7347469298328,Quercus wislizeni A. DC.,Evergreen broadleaf
SJER,37.111443,-119.731488,NEON.PLA.D17.SJER.06326,37.1104414753606,-119.7344372583009,Phacelia cicutaria Greene,Forb
SJER,37.111443,-119.731488,NEON.PLA.D17.SJER.06316,37.110486443890856,-119.73385513142567,Crassula connata (Ruiz & Pav.) A. Berger var. connata,Forb
SJER,37.111443,-119.731488,NEON.PLA.D17.SJER.06306,37.11054377476494,-119.73303879115319,Thysanocarpus curvipes Hook.,Forb
SJER,37.111443,-119.731488,NEON.PLA.D17.SJER.06346,37.11166728343881,-119.73479625301808,Carduus pycnocephalus L.,Forb
SJER,37.111443,-119.731488,NEON.PLA.D17.SJER.06340,37.11111230243005,-119.73484087389848,Carduus pycnocephalus L.,Forb
SJER,37.111443,-119.731488,NEON.PLA.D17.SJER.06349,37.11201711552373,-119.73486325520138,Lupinus bicolor Lindl.,Forb
SJER,37.111443,-119.731488,NEON.PLA.D17.SJER.06343,37.11127878546681,-119.73484729023963,Calandrinia ciliata (Ruiz & Pav.) DC.,Forb
SJER,37.111443,-119.731488,NEON.PLA.D17.SJER.06351,37.11219921950452,-119.73487293730224,Oxalis radicosa A. Rich.,Forb
SJER,37.111443,-119.731488,NEON.PLA.D17.SJER.06348,37.111804384600134,-119.73487670894988,Dichelostemma capitatum (Benth.) Alph. Wood ssp. capitatum,Forb
SJER,37.111443,-119.731488,NEON.PLA.D17.SJER.06310,37.110580873759574,-119.73332314070518,Quercus wislizeni A. DC.,Evergreen broadleaf
SJER,37.111443,-119.731488,NEON.PLA.D17.SJER.06320,37.11048466934535,-119.73418895622756,Oxalis radicosa A. Rich.,Forb
SJER,37.111443,-119.731488,NEON.PLA.D17.SJER.06342,37.111217970520755,-119.73484648245552,Plagiobothrys nothofulvus (A. Gray) A. Gray,Forb
SJER,37.111443,-119.731488,NEON.PLA.D17.SJER.06333,37.110610107797044,-119.73478778583967,Crassula connata (Ruiz & Pav.) A. Berger var. connata,Forb
SJER,37.111443,-119.731488,NEON.PLA.D17.SJER.06322,37.11045226782371,-119.73435473472549,Phacelia cicutaria Greene,Forb
SJER,37.111443,-119.731488,NEON.PLA.D17.SJER.06319,37.11048210014621,-119.73417653904542,Hypochaeris glabra L.,Forb
SJER,37.111443,-119.731488,NEON.PLA.D17.SJER.06338,37.1110352415492,-119.73481817335494,Calandrinia ciliata (Ruiz & Pav.) DC.,Forb
SJER,37.111443,-119.731488,NEON.PLA.D17.SJER.06307,37.110517125183705,-119.7332709040384,Plagiobothrys nothofulvus (A. Gray) A. Gray,Forb
SJER,37.111443,-119.731488,NEON.PLA.D17.SJER.06314,37.110509901495064,-119.73376746114452,Lupinus bicolor Lindl.,Forb
SJER,37.111443,-119.731488,NEON.PLA.D17.SJER.06345,37.111664529295986,-119.73483888091441,Bromus hordeaceus L.,Graminoid
SJER,37.111443,-119.731488,NEON.PLA.D17.SJER.06332,37.11054053343089,-119.73482270195312,Lupinus bicolor Lindl.,Forb
SJER,37.111443,-119.731488,NEON.PLA.D17.SJER.06317,37.11050584475595,-119.73389392403358,Bromus hordeaceus L.,Graminoid
SJER,37.111443,-119.731488,NEON.PLA.D17.SJER.06308,37.110546238277834,-119.73329969770958,Phacelia cicutaria Greene,Forb
SJER,37.111443,-119.731488,NEON.PLA.D17.SJER.06309,37.110560380625465,-119.73331241486059,Phacelia cicutaria Greene,Forb
SJER,37.111443,-119.731488,NEON.PLA.D17.SJER.06344,37.11162839075232,-119.73487072872811,Plagiobothrys nothofulvus (A. Gray) A. Gray,Forb
SJER,37.111443,-119.731488,NEON.PLA.D17.SJER.06301,37.11052972439938,-119.73268867885861,Dichelostemma capitatum (Benth.) Alph. Wood ssp. capitatum,Forb
SJER,37.111443,-119.731488,NEON.PLA.D17.SJER.06336,37.11084364800791,-119.7348683377991,Thysanocarpus curvipes Hook.,Forb
SJER,37.111443,-119.731488,NEON.PLA.D17.SJER.06341,37.11115303736252,-119.73479491529716,Amsinckia menziesii (Lehm.) A. Nelson & J.F. Macbr. var. intermedia (Fisch. & C.A. Mey.) Ganders,Forb
SJER,37.111443,-119.731488,NEON.PLA.D17.SJER.06321,37.11047680655944,-119.7343343294349,Oxalis radicosa A. Rich.,Forb
SJER,37.111443,-119.731488,NEON.PLA.D17.SJER.06334,37.11073355028961,-119.734825461134,Hypochaeris glabra L.,Forb
SJER,37.111443,-119.731488,NEON.PLA.D17.SJER.06353,37.112234787115625,-119.73486582318039,Crassula connata (Ruiz & Pav.) A. Berger var. connata,Forb
SJER,37.111443,-119.731488,NEON.PLA.D17.SJER.06328,37.110517252971334,-119.73451057209408,Pinus sabiniana Douglas ex Douglas,Pine
SJER,37.111443,-119.731488,NEON.PLA.D17.SJER.06339,37.11105096979478,-119.73482429861144,Carduus pycnocephalus L.,Forb
SJER,37.111443,-119.731488,NEON.PLA.D17.SJER.06352,37.112214169646606,-119.73487710911921,Carduus pycnocephalus L.,Forb
SJER,37.111443,-119.731488,NEON.PLA.D17.SJER.06318,37.11049987963429,-119.73411443452841,Crassula connata (Ruiz & Pav.) A. Berger var. connata,Forb
SJER,37.111443,-119.731488,NEON.PLA.D17.SJER.06324,37.11054640147152,-119.73439621637905,Ceanothus cuneatus (Hook.) Nutt.,Evergreen broadleaf
SJER,37.111443,-119.731488,NEON.PLA.D17.SJER.06305,37.11058976616646,-119.7329538757206,Ceanothus cuneatus (Hook.) Nutt.,Evergreen broadleaf
SJER,37.111443,-119.731488,NEON.PLA.D17.SJER.06331,37.110508573418876,-119.73464807290591,Pinus sabiniana Douglas ex Douglas,Pine
SJER,37.111443,-119.731488,NEON.PLA.D17.SJER.06330,37.11047846407295,-119.73459993132997,Pterostegia drymarioides Fisch. & C.A. Mey.,Forb
SJER,37.111443,-119.731488,NEON.PLA.D17.SJER.06191,37.11203003461931,-119.73267763479723,Dichelostemma capitatum (Benth.) Alph. Wood ssp. capitatum,Forb
SJER,37.111443,-119.731488,NEON.PLA.D17.SJER.06196,37.1112435213271,-119.73260072621588,Pterostegia drymarioides Fisch. & C.A. Mey.,Forb
SJER,37.111443,-119.731488,NEON.PLA.D17.SJER.06369,37.11219832732757,-119.73261366524244,Lupinus bicolor Lindl.,Forb
SJER,37.111443,-119.731488,NEON.PLA.D17.SJER.06192,37.11198203546121,-119.73260847372015,Lupinus bicolor Lindl.,Forb
SJER,37.111443,-119.731488,NEON.PLA.D17.SJER.06367,37.112315996226165,-119.73272434985131,Amsinckia menziesii (Lehm.) A. Nelson & J.F. Macbr. var. intermedia (Fisch. & C.A. Mey.) Ganders,Forb
SJER,37.111443,-119.731488,NEON.PLA.D17.SJER.06366,37.11232219553921,-119.73281995870967,Oxalis radicosa A. Rich.,Forb
SJER,37.111443,-119.731488,NEON.PLA.D17.SJER.06361,37.11222492090468,-119.7339277025309,Hypochaeris glabra L.,Forb
SJER,37.111443,-119.731488,NEON.PLA.D17.SJER.06193,37.11177614070281,-119.73262164248926,Plagiobothrys nothofulvus (A. Gray) A. Gray,Forb
SJER,37.111443,-119.731488,NEON.PLA.D17.SJER.06363,37.11229597441803,-119.73364943399787,Plagiobothrys nothofulvus (A. Gray) A. Gray,Forb
SJER,37.111443,-119.731488,NEON.PLA.D17.SJER.06355,37.1122486608102,-119.7346854271298,Hypochaeris glabra L.,Forb
SJER,37.111443,-119.731488,NEON.PLA.D17.SJER.06354,37.112297879685194,-119.73482605287943,Dichelostemma capitatum (Benth.) Alph. Wood ssp. capitatum,Forb
SJER,37.111443,-119.731488,NEON.PLA.D17.SJER.06368,37.112299001595815,-119.73265865185897,Thysanocarpus curvipes Hook.,Forb
SJER,37.111443,-119.731488,NEON.PLA.D17.SJER.06364,37.11230007189788,-119.73341841091205,Calandrinia ciliata (Ruiz & Pav.) DC.,Forb
SJER,37.111443,-119.731488,NEON.PLA.D17.SJER.06198,37.111199945837825,-119.73259212141053,Pterostegia drymarioides Fisch. & C.A. Mey.,Forb
SJER,37.111443,-119.731488,NEON.PLA.D17.SJER.06365,37.11229866289027,-119.73306823792434,Calandrinia ciliata (Ruiz & Pav.) DC.,Forb
SJER,37.111443,-119.731488,NEON.PLA.D17.SJER.06098,37.11070196298933,-119.7325702604702,Oxalis radicosa A. Rich.,Forb
SJER,37.111443,-119.731488,NEON.PLA.D17.SJER.06194,37.1115991557332,-119.73263243043607,Carduus pycnocephalus L.,Forb
SJER,37.111443,-119.731488,NEON.PLA.D17.SJER.06359,37.112312317188945,-119.73434513415917,Thysanocarpus curvipes Hook.,Forb
SJER,37.111443,-119.731488,NEON.PLA.D17.SJER.06195,37.111567011514296,-119.7325795674334,Amsinckia menziesii (Lehm.) A. Nelson & J.F. Macbr. var. intermedia (Fisch. & C.A. Mey.) Ganders,Forb
SJER,37.111443,-119.731488,NEON.PLA.D17.SJER.06357,37.11227615444023,-119.73444512842315,Bromus hordeaceus L.,Graminoid
SJER,37.111443,-119.731488,NEON.PLA.D17.SJER.06200,37.111009855089186,-119.73254506552875,Bromus hordeaceus L.,Graminoid
SJER,37.111443,-119.731488,NEON.PLA.D17.SJER.06197,37.11123319427417,-119.73258368237042,Phacelia cicutaria Greene,Forb
SJER,37.111443,-119.731488,NEON.PLA.D17.SJER.06189,37.112109024604415,-119.73261509328536,Amsinckia menziesii (Lehm.) A. Nelson & J.F. Macbr. var. intermedia (Fisch. & C.A. Mey.) Ganders,Forb
SJER,37.111443,-119.731488,NEON.PLA.D17.SJER.06370,37.11213558785359,-119.73263626014472,Crassula connata (Ruiz & Pav.) A. Berger var. connata,Forb
SJER,37.111443,-119.731488,NEON.PLA.D17.SJER.06360,37.112302953404566,-119.73406936444665,Dichelostemma capitatum (Benth.) Alph. Wood ssp. capitatum,Forb
SJER,37.111443,-119.731488,NEON.PLA.D17.SJER.06358,37.11223743738238,-119.73444373524116,Calandrinia ciliata (Ruiz & Pav.) DC.,Forb
SJER,37.111443,-119.731488,NEON.PLA.D17.SJER.06362,37.11230399136357,-119.73390436974256,Bromus hordeaceus L.,Graminoid
SJER,37.111443,-119.731488,NEON.PLA.D17.SJER.06323,37.11063241923399,-119.73435449402288,Pinus sabiniana Douglas ex Douglas,Pine
SJER,37.111443,-119.731488,NEON.PLA.D17.SJER.06325,37.11063389599667,-119.73438479886966,Pinus sabiniana Douglas ex Douglas,Pine
SJER,37.111443,-119.731488,NEON.PLA.D17.SJER.06329,37.11034443697452,-119.73458278387189,Pinus sabiniana Douglas ex Douglas,Pine
SJER,37.111443,-119.731488,NEON.PLA.D17.SJER.06012,37.11033224460324,-119.73340298722812,Quercus wislizeni A. DC.,Evergreen broadleaf
SJER,37.111443,-119.731488,NEON.PLA.D17.SJER.06190,37.11209523052686,-119.73274401219032,Quercus wislizeni A. DC.,Evergreen broadleaf
SJER,37.111443,-119.731488,NEON.PLA.D17.SJER.06013,37.11037728961041,-119.73356997668876,Quercus wislizeni A. DC.,Evergreen broadleaf
SJER,37.111443,-119.731488,NEON.PLA.D17.SJER.06304,37.11065400640679,-119.73294175767315,Ceanothus cuneatus (Hook.) Nutt.,Evergreen broadleaf
SJER,37.111443,-119.731488,NEON.PLA.D17.SJER.06303,37.11067398315172,-119.73293470701353,Ceanothus cuneatus (Hook.) Nutt.,Evergreen broadleaf
SJER,37.111443,-119.731488,NEON.PLA.D17.SJER.06302,37.11065427038667,-119.73292955864798,Ceanothus cuneatus (Hook.) Nutt.,Evergreen broadleaf
SJER,37.111443,-119.731488,NEON.PLA.D17.SJER.06427,37.11055575140263,-119.7326518793717,Croton setigerus Hook.,Forb
SJER,37.111443,-119.731488,NEON.PLA.D17.SJER.06426,37.11167262941559,-119.732613580447,Croton setigerus Hook.,Forb
SJER,37.111443,-119.731488,NEON.PLA.D17.SJER.06428,37.11055512751723,-119.73268071340011,Croton setigerus Hook.,Forb
SJER,37.111443,-119.731488,NEON.PLA.D17.SJER.06424,37.11196167548407,-119.73259202098252,Croton setigerus Hook.,Forb
SJER,37.111443,-119.731488,NEON.PLA.D17.SJER.06425,37.11195373486038,-119.7326626327867,Croton setigerus Hook.,Forb
SJER,37.111443,-119.731488,NEON.PLA.D17.SJER.06018,37.112271932846,-119.73354757236986,Quercus douglasii Hook. & Arn.,Semi-evergreen broadleaf
SJER,37.111443,-119.731488,NEON.PLA.D17.SJER.06028,37.11132695926953,-119.73258525739129,Quercus douglasii Hook. & Arn.,Semi-evergreen broadleaf
SJER,37.111443,-119.731488,NEON.PLA.D17.SJER.06011,37.11199356382534,-119.7349633110593,Quercus douglasii Hook. & Arn.,Semi-evergreen broadleaf
SJER,37.111443,-119.731488,NEON.PLA.D17.SJER.06001,37.1105262449014,-119.73284948394557,Quercus douglasii Hook. & Arn.,Semi-evergreen broadleaf
SJER,37.111443,-119.731488,NEON.PLA.D17.SJER.06006,37.11048411736346,-119.7342404762227,Quercus douglasii Hook. & Arn.,Semi-evergreen broadleaf
SJER,37.111443,-119.731488,NEON.PLA.D17.SJER.06076,37.11227380526326,-119.73443252422467,Bromus diandrus Roth,Graminoid
SJER,37.111443,-119.731488,NEON.PLA.D17.SJER.06131,37.110507212298046,-119.7337662439754,Erodium botrys (Cav.) Bertol.,Forb
SJER,37.111443,-119.731488,NEON.PLA.D17.SJER.06067,37.110471032834745,-119.73462095212393,Bromus diandrus Roth,Graminoid
SJER,37.111443,-119.731488,NEON.PLA.D17.SJER.06144,37.11230075993796,-119.73348688905908,Bromus diandrus Roth,Graminoid
SJER,37.111443,-119.731488,NEON.PLA.D17.SJER.06088,37.111102412785336,-119.73263772006733,Bromus diandrus Roth,Graminoid
SJER,37.111443,-119.731488,NEON.PLA.D17.SJER.06069,37.110681339050004,-119.73479567500586,Bromus diandrus Roth,Graminoid
SJER,37.111443,-119.731488,NEON.PLA.D17.SJER.06060,37.1107107892727,-119.73257490745867,Erodium botrys (Cav.) Bertol.,Forb
SJER,37.111443,-119.731488,NEON.PLA.D17.SJER.06102,37.11173069953848,-119.73484802719223,Erodium botrys (Cav.) Bertol.,Forb
SJER,37.111443,-119.731488,NEON.PLA.D17.SJER.06122,37.110778508557765,-119.73478751246788,Erodium botrys (Cav.) Bertol.,Forb
SJER,37.111443,-119.731488,NEON.PLA.D17.SJER.06135,37.11228417305869,-119.73406413614585,Erodium botrys (Cav.) Bertol.,Forb
